respon,predik1,predik2,predik3
11980,0,0,41.02
23123,1,4.25,127.56
29344,6,16.6,218.59
16656,10,57.86,306.64
11245,,,
140494,77,50.98,442.95
28700,4,13.53,226.63
59459,34,55.79,439.73
74111,35,43.87,115.31
103590,141,130.69,1544.24
31601,29,90.25,722.02
25158,21,77.73,2605.96
40641,36,78.53,798.39
57140,59,100.51,1476.93
13132,,,
30954,,,
45532,0,0,89.94
180038,30,16.72,374.07
14869,2,13.24,112.5
261721,146,49.94,772.77
50889,,,
7322564,2818,38.5,2097.71
26436,9,58.03,644.75
12183,1,8.07,145.2
16023,10,55.52,560.71
24692,9,29.18,204.23
13842,2,13.38,347.97
88693,42,45.1,894.51
11235,20,145.72,1143.9
28259,24,86.13,724.95
11162,2,17.4,1487.34
122899,7,4.58,689.42
20714,3,14.98,49.93
11856,0,0,16.72
19050,14,68.92,649.83
11961,4,28.91,346.97
15655,3,18.38,1770.94
23302,4,16.15,609.81
45226,34,76.4,559.55
26167,1,3.54,205.56
84474,43,47.57,512.19
27623,7,25.08,734.61
71166,,,
52141,37,66.7,919.33
16162,7,43.81,682.23
66473,9,13.15,131.47
23170,5,20.8,794.41
12849,1,7.38,420.91
63891,,,
15440,,,
18540,9,41.81,92.91
31971,8,24.03,1087.25
14790,2,13.97,237.45
34075,16,46.03,212.87
332943,357,110.19,984.96
1585577,785,51.31,1279.6
82585,11,12.82,256.34
29721,10,31.02,142.7
66049,45,67,753.42
21847,0,0,122.69
26184,15,50.34,1849.3
101484,33,28.5,566.64
24656,,,
12727,2,14.83,51.91
33626,3,7.91,94.97
22430,23,102.18,422.05
13352,15,37.91,452.4
10637,5,47.34,407.12
165121,102,59.32,1693.42
10836,1,7.46,462.24
86335,,,
21160,3,13.82,115.14
29208,4,13.68,78.65
12839,8,63.04,985.03
75058,13,14.89,131.68
51464,,,
22608,,,
14988,11,72.14,1134.5
405390,314,69.78,969.6
23330,5,20.94,251.24
11967,7,57.36,934.12
25925,31,148.32,377.97
10466,6,53.92,889.65
17118,1,5.74,40.21
17668,,,
35748,19,51.17,465.96
11290,1,8.83,150.04
11439,0,0,49.56
40949,22,51.39,1812.62
17790,2,11.23,129.13
437319,479,104.44,1841.38
27957,10,31.06,301.31
133107,30,21.6,620.53
12220,2,11.57,190.84
66072,15,22.02,726.59
13187,0,0,74.56
11663,,,
10205,2,17,339.96
49425,19,37.7,121.02
130474,130,108.69,2127.02
11218,4,36.38,809.39
23930,,,
19949,2,9.72,199.2
10542,5,47.14,1527.29
34989,1,3.04,85.17
60394,21,32.38,727.83
16169,9,42.11,781.32
14548,0,0,367.13
55006,19,33.52,155.25
11874,41,320.61,1634.34
23229,1,3.81,251.23
32873,5,14.35,367.33
15351,3,16.99,560.56
124773,137,100.91,1981.45
12016,0,0,83.89
13547,2,13.29,39.87
10130,,,
13002,0,0,60.9
17825,0,0,70.4
23006,9,41.98,242.54
39802,29,67.42,574.24
31287,7,21.47,288.37
70487,59,83.45,1497.92
35710,,,
22911,28,119.98,681.32
12127,2,16.18,194.19
22191,8,35.33,185.48
3485398,1773,51.15,2414.77
13425,5,37.76,581.57
15411,0,0,197
27134,17,61.22,273.7
22902,,,
18749,5,23.62,240.92
38901,9,27.82,1085.11
29202,16,42.82,291.69
69101,30,40.15,587.55
10950,1,8.34,650.49
18041,4,21.17,465.66
13800,0,0,221.64
33862,12,36.13,216.8
177196,112,57.16,795.08
12430,10,70.93,361.75
16565,28,163.47,525.42
41943,22,51.31,1462.29
16230,1,5.97,89.61
109592,,,
29603,40,133.72,227.32
13024,20,141.32,2649.8
12233,0,0,46.52
15128,1,6.78,74.62
58012,23,40.64,871.02
28176,1,3.38,185.69
140761,,,
41711,18,43.39,1501.93
30495,14,44.43,1450.47
23451,11,42.35,2344.56
16392,8,37.07,64.88
30159,9,23.81,129.64
31828,16,47.24,345.46
15080,5,32.6,267.33
12649,5,40.23,160.93
30533,1,3.22,80.5
18828,2,9.87,399.86
12697,1,7.67,69
41856,53,134.07,4877.06
10513,7,63.69,919.02
280015,247,85.21,3235.45
1006877,1000,95.96,1744.19
15180,6,32.78,76.49
52179,45,77.51,339.31
21951,9,32,807
38793,7,17.73,932.05
13086,5,33.58,235.04
78380,42,53.59,1195.53
20027,1,4.94,1293.95
87425,82,92.77,3239.2
39990,20,48.56,364.19
51206,6,11.57,179.38
12287,4,28.91,43.37
12822,0,0,161.69
23755,39,156.97,3268.26
11475,0,0,168.99
28653,2,5.11,178.75
14771,10,66.14,231.48
30270,4,12.91,103.28
60536,20,30.4,203.69
96357,30,30.33,448.84
11676,3,24.85,356.17
16390,2,12.01,672.35
12363,6,44.94,981.2
10433,7,44.38,190.21
19027,9,40.21,446.77
12724,1,5.29,31.75
47564,18,34.42,868.12
72820,13,15.43,225.56
429433,200,45.87,1631.98
85493,,,
14669,12,74.69,1419.06
76095,28,29.99,519.47
38195,4,10.27,87.26
79443,18,19.14,294.6
12996,1,7.6,53.2
24093,,,
38961,8,19.63,282.16
39806,17,37.19,958.15
444719,515,110.46,1389.87
10886,3,25.49,1240.65
19788,8,38.55,674.67
10362,2,18.94,161.02
26540,3,13.67,332.73
38142,43,99.97,620.71
54523,45,77.26,442.93
15392,2,12.43,372.95
37093,,,
12743,3,22.02,587.33
16444,0,0,210.79
20469,10,41.02,500.47
17199,0,0,75.72
46080,34,66.73,345.45
11804,11,83.97,1687.02
40775,29,43.69,394.74
17648,5,27.45,340.43
37819,,,
18827,15,76.69,
67153,31,47.15,1446.56
30601,6,19.87,271.52
16609,8,47.43,788.52
10453,20,170.98,393.26
24699,21,83.96,1783.14
17084,5,27.52,77.05
30544,9,25.31,275.58
15333,4,22.79,74.08
32188,11,29.57,400.56
46194,15,28.84,1357.38
15616,1,6.26,56.31
15116,,,
10486,4,28.67,394.21
41036,19,44.13,445.94
14044,0,0,522.13
15254,2,12.89,96.69
36291,10,26.92,293.41
12454,0,0,71.54
10764,,,
19821,3,14.23,37.95
23146,11,45.49,516.96
16121,4,25.4,82.54
26454,26,101.33,1555.07
17625,3,11.35,52.95
36701,8,21.77,530.57
80277,,,
16925,13,77.8,1358.47
14852,3,18.81,94.07
28870,2,6.78,88.16
10946,5,42.8,316.75
83995,28,30.95,1267.73
37319,3,7.81,106.68
31258,10,32.54,191.96
11796,6,35.72,142.9
47217,21,36.09,536.18
18666,17,89.76,1678.99
22124,3,13.92,241.28
14192,5,33.55,972.89
10444,2,18.13,90.65
19382,3,14.42,1287.84
49938,7,14.26,136.48
44962,28,60.3,488.86
14096,6,41.55,609.46
15134,,,
60167,17,26.33,599.45
14903,16,81.16,2018.97
20463,0,0,33.66
15026,9,59.12,216.78
30576,7,20.76,136.4
133850,129,84.7,687.49
26542,1,3.65,91.31
27973,,,
139426,,,
36955,18,45.89,1664.84
60569,10,16.04,293.54
37060,6,15.34,48.58
81177,12,14.53,283.39
12361,2,11.21,302.76
85351,,,
19212,1,4.52,918.22
13296,2,14.41,86.45
28227,16,66.54,1185.33
84985,24,28.4,369.24
47409,,,
38736,,,
41643,23,48.81,2047.92
89235,19,19.42,266.81
10241,1,9.4,84.64
27437,23,70.54,644.09
72644,29,42.33,458.28
304011,265,84.5,874.69
13812,1,6.99,160.76
34507,3,8.44,
21460,17,55.72,1379.97
159936,204,116.06,797.66
40153,9,21.8,213.14
16512,0,0,607.8
33497,31,96.64,2758.9
27310,8,27.92,342.06
13092,2,16.18,186.04
59718,9,15.7,111.67
76836,,,
16922,0,0,353.42
16200,0,0,1046.93
11938,5,42.44,551.69
26778,14,51.45,782.8
22754,18,77.12,2523.46
16367,5,26.46,280.44
51288,,,
12636,1,7.78,155.62
10603,1,9.13,82.15
118779,58,41.43,1201.33
12906,8,58.23,291.16
13228,1,6.85,185.08
24079,30,103.62,417.93
60569,14,23.48,134.19
14490,2,13.45,208.53
17187,0,0,57.31
32998,,,
24664,7,28.97,446.95
23163,4,17.69,154.77
19478,8,39.04,121.99
28150,2,7.31,73.07
16787,0,0,65.46
22286,10,43.89,535.49
25408,0,0,252.63
58282,38,63.38,1756.32
23478,6,26.01,212.45
16097,1,6.15,36.89
12456,,,
20390,2,7.85,368.76
23071,27,117.11,1439.97
26801,4,14.4,273.51
13289,0,0,75.52
27603,2,7.16,71.56
14837,0,0,310.48
10145,1,9.54,152.6
52376,67,123.32,2105.73
24603,6,21.44,368.05
328123,295,94.43,1933.77
78122,55,66.47,1363.32
22117,11,45.96,480.51
74991,12,13.91,303.72
22355,1,4.4,206.88
1027974,,,
50961,47,85.08,1846.45
56381,,,
53589,33,58.68,1257.09
75636,24,28.07,776.61
23696,2,8.77,319.99
47181,28,54.05,1399.48
12588,0,0,442.24
10678,0,0,173.77
18853,14,69.17,765.85
13057,1,7.2,
32983,4,10.1,111.07
24848,31,110.26,1454.74
71349,57,75.29,2541.38
137560,89,62.02,987.42
13794,1,7.08,92.08
11216,,,
39311,,,
44972,52,103.59,1577.75
24832,20,79.79,1523.92
16210,7,33.62,619.51
58441,0,0,52.25
369365,167,44.43,1290.43
70576,45,62.2,1523.3
81805,26,32.46,288.4
10742,0,0,73.23
40961,25,57.78,524.67
53367,45,71.14,491.66
14427,1,5.04,80.61
29925,29,95.34,2594.03
86284,27,29.23,1097.77
447619,507,110.14,1516.12
24124,1,3.35,951.3
13786,2,13.58,373.54
12703,4,29.08,189.01
40663,10,20.53,743.07
25058,1,3.81,228.86
12329,0,0,7.79
13441,7,51.25,995.75
66643,25,35.2,387.2
31808,13,39.57,328.75
19587,6,24.68,1205.17
37729,7,18.28,509.18
25086,,,
34128,11,30.35,140.72
29809,18,57.74,878.94
47828,13,24.9,294.92
12711,2,14.77,155.04
10891,,,
14877,4,26.1,202.31
25894,2,7.87,720.05
21282,8,36.29,185.97
14399,0,0,133.68
10507,1,8.3,190.95
27018,2,6.56,62.29
10201,26,233.58,2650.26
14088,3,22.54,405.71
31007,11,35,264.07
21756,20,84.41,485.38
20429,3,14.18,103.96
15464,3,19.15,1640.6
18659,4,21.73,217.26
11353,8,67.74,279.45
39498,17,38.14,567.54
64942,75,70.02,269.82
16849,,,
34439,14,35.52,880.44
13864,3,20.5,703.74
105511,104,98.09,1093.15
11936,11,86.07,1095.46
10378,0,0,178.57
30771,,,
12830,0,0,138.57
16116,4,24.25,181.86
72388,26,30.97,1380.76
54732,25,41.57,1486.61
61018,60,96.87,2423.47
33397,4,11.93,772.3
48735,3,5.3,758.39
16064,6,36.12,234.77
10850,2,17.88,116.21
13057,28,68.01,699.49
19833,10,45.92,225.01
13222,5,36.3,500.94
37991,4,9.95,106.93
34986,5,13.66,284.21
14143,2,14.04,667.04
15722,1,5.93,634.79
12871,0,0,
20267,2,9.52,52.35
18245,1,5.41,264.97
31499,15,45.12,339.92
12603,1,8.1,81.02
11671,1,7.01,140.18
51874,29,55.04,1195.76
13051,0,0,63.81
26777,7,25.38,264.67
11532,2,16.58,99.47
18820,2,10.32,443.73
18150,10,47.91,201.24
15244,9,53.62,208.53
38705,12,30.65,168.57
27257,2,7.17,426.57
11980,0,0,354.96
10922,0,0,339.73
16919,0,0,47.5
723959,361,48.89,1810.07
43207,18,40.12,686.47
44757,18,38.24,220.96
15520,13,79.42,2089.32
10132,,,
30087,6,19.14,494.37
59479,5,8.78,332
86905,49,56.01,1651.73
22023,0,0,9.07
20710,12,58.73,161.51
10993,0,0,168.48
62632,22,28.84,602.99
68235,52,65,342.53
108718,59,54.34,770.88
86835,36,39.77,157.99
39757,7,18.71,374.18
189126,,,
10891,16,138.7,468.1
21755,,,
29541,12,41.11,352.88
30013,25,43.02,533.46
11127,3,26.28,70.08
65452,11,13.29,305.77
29092,12,34.3,122.91
16797,2,12.85,571.65
10828,0,0,47.43
18885,0,0,9.24
23706,5,20.77,1121.64
22935,3,11.08,195.71
12450,5,39.05,851.23
23095,10,42.78,333.66
467610,393,77.69,1038.27
10033,2,19.2,499.33
10191,0,0,310.85
40318,24,56,331.36
76459,26,32.88,599.49
14196,4,26.77,260.97
40822,5,12.1,87.1
39729,8,19.48,477.21
20412,4,19.07,290.85
52721,21,38.35,1073.8
12353,,,
55551,45,77.83,875.19
70580,30,41.17,889.17
12066,0,0,351.8
12777,4,28.22,536.23
48290,4,7.86,398.76
25725,3,11.32,200.02
36930,19,48.06,1449.39
30575,,,
36793,31,78.18,950.75
40148,30,63.88,1239.22
20816,3,14.09,103.33
18609,10,52.71,326.81
32762,9,24.4,89.45
24727,1,4,187.87
31468,,,
170045,103,56.93,845.63
14917,1,6.57,341.75
22633,2,8.61,103.35
20570,8,33.94,895.24
14519,4,22.19,1647.53
12351,0,0,62.14
11643,8,59.96,936.82
10690,5,39.97,295.76
22897,,,
24437,8,29.45,261.4
20526,3,14.28,114.23
14870,11,73.71,683.46
82106,19,22.4,544.59
36322,14,36.6,1280.84
33187,26,73.4,1428.53
10170,8,58.06,137.89
10322,3,24.93,1329.57
18630,1,5.29,116.35
85427,17,19.83,423.52
10098,0,0,210.18
43548,11,24.24,152.07
72798,66,87.51,690.79
574283,480,87.16,1968.89
20958,5,24.55,122.74
27901,4,14.32,53.7
11886,8,64.75,493.73
60633,20,31.69,815.98
67460,10,15.12,411.23
18309,7,25.27,
191262,99,50.47,321.68
10967,2,17.7,1300.88
41832,,,
11249,4,35.61,80.12
24846,,,
13334,,,
33836,2,5.74,421.75
11329,1,8.29,66.33
20457,27,117.73,1874.95
110002,42,39.31,1311.2
13647,7,40.88,292
75494,87,92.99,1130.86
12408,,,
140891,78,56.11,1571.14
27630,36,123.33,887.29
18482,2,9.39,65.71
11216,3,25.97,207.79
16642,1,5.71,51.42
10380,2,19.31,241.31
87535,79,75.77,1333.23
11238,11,84.5,944.85
11272,4,28.93,108.49
17076,,,
10464,3,25.61,1724.14
13658,4,24.45,61.12
11280,2,15.59,179.32
13798,11,78.1,198.79
34598,,,
17032,12,66.79,322.81
11234,1,8.88,124.32
11488,1,8.49,84.88
11766,7,54.14,170.15
11982,0,0,74.96
86874,32,37.37,223.06
10610,0,0,103.33
18692,11,52.95,245.51
11096,5,44.87,358.97
31813,3,8.97,505.1
21096,13,62.32,551.32
30491,9,29.71,997.03
10266,1,9.52,295.04
30707,7,20.83,151.78
32016,2,6.15,64.61
219531,177,77.28,2978.69
22591,,,
17592,9,49.3,158.85
11227,7,49.15,1390.25
21977,,,
28199,12,51.82,133.87
17637,8,52.97,1483.15
15791,8,47.15,724.94
32462,25,69.26,872.72
19211,3,15.26,300.04
27925,19,64.32,744.75
10935,0,0,267.96
12023,,,
29115,19,62.77,1318.22
12959,0,0,198.88
24309,3,12.83,72.71
23756,2,8.18,102.2
11618,3,24.08,88.3
109602,68,61.46,2078.85
13584,1,6.95,62.53
21128,1,4.64,427.27
23936,4,16.02,348.5
25295,20,77.9,1336.03
96466,62,59.88,435.6
12361,1,7.29,196.79
367302,339,89.88,1304.78
47089,8,16.31,313.89
35701,9,26.22,1678.08
17233,2,11.19,151.13
35317,3,7.48,184.39
16139,3,16.65,127.65
17635,4,21.14,375.3
99567,33,33.62,223.14
33823,3,8.74,58.24
13087,12,88.53,1032.91
14997,0,0,566.68
16996,17,97.27,457.72
10415,10,92.17,645.16
13068,4,27.37,485.77
11929,0,0,209.22
10621,2,18.73,280.93
14967,2,11.48,281.32
13512,2,14.27,99.9
31933,8,25.07,316.55
11005,1,8.47,355.9
16813,1,4.97,29.8
13116,0,0,286.09
16881,0,0,44.22
17715,,,
131723,81,56.02,1627.33
32520,8,23.99,110.97
44654,40,82.84,816.02
11604,,,
19807,0,0,138.91
10040,4,35.55,177.73
11553,2,14.28,585.46
33429,,,
175795,215,118.9,3255.71
17457,5,26.63,591.24
29034,11,33.8,577.61
12476,7,49.28,288.65
19154,24,118.01,1607.83
61840,39,64.56,736.68
45048,23,49.58,581.98
14638,3,19.13,44.64
12236,1,8.34,141.75
70218,98,144.36,2264.09
49998,28,51.55,1818.82
56958,9,14.85,138.56
19661,7,30.73,122.9
19163,4,20.24,75.88
12756,1,7.92,324.52
11037,2,18.2,1264.79
34738,3,8.36,559.86
12551,0,0,21.66
13367,3,16.46,389.55
13597,1,7.24,188.13
12929,1,7.7,169.44
196637,173,88.66,1424.74
41333,17,39.25,658.05
15849,0,0,82.38
15004,4,26.21,281.76
22922,4,16.62,374.05
24850,9,35.97,623.55
182044,269,150.01,1629.43
68223,25,35.8,904.94
11708,4,30.79,153.93
13887,3,19.83,198.28
12687,11,76.68,223.06
22519,13,57.59,699.98
12403,1,7.93,71.35
48718,7,14.09,366.34
23928,19,79.5,292.91
11143,,,
11714,3,21.07,252.9
19438,8,36.83,626.09
15289,0,0,408.98
26303,6,21.17,105.84
11151,5,38.28,145.47
50686,18,32.02,327.36
16896,0,0,99.13
68183,5,7.01,68.68
48404,10,20.45,560.45
515342,281,47.61,1035.05
14544,2,12.93,303.91
34882,12,35.21,534.04
13371,3,21.53,674.75
14865,14,89.06,1278.63
15414,12,75.49,509.56
24458,0,0,151.91
11207,1,8.77,70.19
17400,2,10.77,350.03
18519,4,20.61,159.72
33574,36,100.23,860.27
57483,31,51.04,321.08
18923,4,18.23,989.2
18334,7,38.13,403.14
11389,1,8.11,592.34
14579,,,
15945,5,42.17,101.21
11768,1,8.36,83.56
28880,1,3.4,125.96
164164,129,70.63,3047.66
36118,26,75.11,2507.51
231636,159,68.91,1171.84
80071,34,38.71,230
22113,1,3.71,140.88
10152,5,45.5,282.07
103439,49,50.74,1274.62
27910,22,69.83,384.08
55076,21,34.02,933.19
17885,8,40.25,1232.52
21174,9,40.09,445.41
18548,0,0,58.37
95333,65,66.73,1565.55
207951,94,39.02,842.7
14302,1,6.72,53.73
87492,90,108.05,3530.78
14816,1,6.64,6.64
106209,45,42.78,1318.6
19530,6,30.4,91.21
465622,271,53.98,599.78
56475,3,5.1,141.06
18004,9,49.29,657.14
169759,77,46.3,
20807,19,81.83,2885.57
12195,3,24.22,750.73
17906,9,45.73,985.82
21884,7,25.5,142.09
10978,0,0,98.73
20585,3,14.91,1441.78
11432,2,17.66,105.96
96397,32,32.78,578.8
435146,515,115.59,2460.11
36426,9,24.28,607.03
19801,8,40.1,205.49
94279,33,32.59,1174.32
188082,34,18.56,737.62
61492,21,31.14,360.34
13083,,,
14514,4,24.85,105.6
104352,22,19.72,305.72
33485,,,
16433,18,99.5,2089.44
40709,20,43.66,1477.94
782248,391,47.52,646.17
13954,2,15.35,130.44
29802,4,10.05,190.95
33510,1,2.93,383.57
33997,50,135.2,816.61
28028,0,0,105.23
14049,5,31.4,583.99
27850,3,10.91,865.9
16196,9,53.34,349.65
18604,4,21.49,161.19
11538,0,0,92.04
14731,3,19.63,26.17
43467,42,91.64,3414.57
14621,3,20.3,155.67
21907,,,
30897,5,14.64,676.45
395934,356,65.42,1787.2
11451,2,15.29,68.8
27347,5,15.9,728.37
152466,154,99.59,1960.67
13038,4,30.18,286.66
24529,0,0,216.2
12224,0,0,86.34
34997,3,8.43,137.66
14467,0,0,20.39
16389,3,17.55,988.71
13145,3,18.75,393.73
17283,42,219.67,564.85
15940,4,25.08,363.7
21625,0,0,116.1
24152,4,16.17,80.84
13883,1,6.86,260.79
49366,6,12.48,166.4
14903,,,
23079,4,16.85,724.52
496938,298,60.62,2038.98
34311,36,107.36,2982.31
60738,9,15.46,893.29
91444,28,27.89,514.99
23101,12,48.58,708.53
24825,3,11.66,69.94
52315,13,21.1,160.72
19899,,,
54063,6,10.77,441.72
196278,122,59.18,1076.95
15216,,,
42523,40,85.24,2186.47
18230,9,51.02,136.06
56177,9,12.83,64.14
41042,,,
12490,13,97.93,851.22
17384,3,15.5,242.89
12235,2,15.87,103.18
98052,94,89.99,2109.96
50323,17,28.06,402.75
16322,,,
16543,7,38.78,559.59
65585,12,18.55,265.95
16581,9,47.69,1012.03
11511,,,
632270,658,103.02,1118.78
51418,22,41.31,572.76
12135,8,64.42,2584.96
11354,,,
18167,2,10.24,450.38
142216,55,37.52,984.34
12142,8,63,259.88
21947,10,41.61,711.46
10448,2,18.97,749.31
31896,13,38.66,514.53
1630553,1109,63.94,
24174,1,3.91,273.42
18906,10,52.68,489.94
54052,1,1.86,57.79
95802,27,28.77,985.62
13989,3,21.62,259.44
28158,1,3.49,101.26
75491,21,30.05,728.32
13950,13,80.66,254.39
21265,9,42.31,239.75
19749,0,0,34.98
10582,2,18.59,55.76
736014,668,93.79,3081.26
22869,8,35.32,909.37
12388,5,23.98,105.5
77010,,,
84021,28,28.84,739.5
33840,33,81.73,321.96
53418,1,1.84,
12623,1,7.51,15.03
26506,3,10.78,441.95
27334,5,15.75,1726.58
52422,5,8.09,144
45061,3,6.56,373.88
27341,21,74.82,1304.02
25399,,,
46561,,,
24692,6,21.8,232.55
46951,35,65.36,524.76
43426,22,48.08,439.29
20075,3,14.93,154.31
10434,6,51.51,171.7
14061,5,32.36,271.86
90454,75,77.35,2169.92
23087,11,38.88,1124.03
26763,8,29.18,255.32
20586,,,
20592,31,138.62,2209.01
10005,5,49.07,2119.93
34438,10,27.59,331.04
11194,6,48.83,1000.98
17176,11,57.85,99.93
14583,2,13.4,247.89
73557,22,27.56,987.28
10092,,,
13030,0,0,45.13
13874,0,0,354.46
30326,6,18.84,1884.24
51881,16,30.41,309.78
23138,11,45.17,332.61
11041,,,
18405,,,
16113,3,16.24,167.79
39788,7,16.55,208.03
25787,5,18.87,264.12
22539,3,12.84,106.98
11354,2,16.59,348.32
25594,7,26.38,286.4
11952,8,62.56,742.94
43877,11,27.18,353.39
17460,2,10.78,803.36
13279,0,0,84.88
22205,1,4.23,346.72
610337,725,117.13,1633.81
19460,5,25.22,786.89
12823,3,22.53,360.5
36676,16,42.39,267.59
18219,3,15.83,538.17
12183,4,31.73,499.72
15624,,,
15076,6,34.04,198.58
50618,16,22.04,410.47
21507,5,21.63,1276.17
35308,2,5.29,58.2
11873,0,0,143.18
122700,,,
30093,4,12.9,206.47
58724,18,30.05,1644.35
12257,9,73.53,1282.68
47923,5,8.92,194.49
13241,4,30.14,97.97
19505,7,32.41,541.74
11804,4,33.21,838.59
26866,30,128.6,3364.91
27725,7,23.69,700.63
74625,16,18.11,320.3
32921,14,37.57,880.21
16370,6,33.84,428.7
11265,,,
13894,,,
61284,39,58.86,774.19
112301,51,45.28,581.49
15085,4,22.63,503.48
39983,3,12.87,111.56
11656,9,73.81,459.24
28082,12,38.84,233.06
13178,5,37.07,378.11
35481,4,10.74,217.44
37446,,,
24453,5,37.21,238.15
77671,15,15.53,453.49
10531,0,0,27.66
13176,,,
10592,1,8.39,377.36
110330,12,9.5,111.68
17173,2,12.31,215.44
41967,18,44.25,1214.45
23219,2,8.14,174.98
100217,16,14.89,237.24
36427,,,
21816,1,4.13,78.56
48622,2,4.28,529.02
10639,10,92.6,1444.58
21044,9,41.68,926.23
17301,1,5.61,61.66
13790,2,14.1,155.09
34874,8,22.22,433.21
19757,3,14.78,88.69
19027,0,0,11.72
53797,35,62.43,285.38
55002,54,87.24,827.14
10398,5,43.58,278.92
19378,0,0,2008.66
21652,3,13.65,450.45
26359,20,76.25,236.38
13035,1,7.36,368.19
16312,11,60.13,825.36
24720,0,0,39.02
29038,2,6.68,624.31
193187,84,42.97,461.42
31300,6,19.96,123.1
75728,,,
14288,4,27.65,214.31
60110,1,1.66,225.99
22207,,,
13900,6,40.21,134.03
23788,,,
50418,19,31.97,395.44
26687,5,18.21,284.14
12967,8,52.16,508.57
12038,6,50.83,118.6
11739,4,30.37,258.16
10795,1,8.5,25.51
15238,0,0,478.65
51266,17,31.52,904.83
15820,5,31.34,532.85
11997,0,0,24.59
29563,14,42.96,589.14
131591,44,32.63,1280.74
28334,15,53.87,506.39
17366,2,9.81,853.28
14369,0,0,123.17
10687,1,8.96,456.87
10033,5,47.29,397.28
16491,12,65.47,1964.1
43264,29,67.62,1587.93
16270,3,17.21,45.89
15346,5,30.13,391.64
43929,19,37.07,345.37
288091,111,34.19,719.23
14133,3,20.37,312.39
12747,,,
11631,,,
18100,8,36.19,389.09
280039,5,8.9,377.37
10325,2,19.1,257.86
18601,2,10.24,962.82
22987,0,0,124.69
133793,49,34.74,455.92
14789,1,6.67,93.44
49188,23,49.71,3834.1
70811,,,
10753,0,0,36.91
226338,212,83.63,872.98
155037,67,39.88,401.73
25001,20,76.72,1331.08
12563,0,0,31.51
37708,39,99.49,1153.03
23916,6,21.87,127.57
94440,50,48.58,869.6
15698,3,17.96,173.57
25265,8,24.28,203.33
22631,21,90.47,1391.58
12053,1,8.17,384.21
32893,1,2.75,27.49
34378,23,59.63,956.68
37986,46,125.16,3583.48
50689,12,20.42,345.39
22282,7,29.81,711.12
11712,2,17.12,231.16
11999,1,8.19,147.49
38936,,,
17737,10,52.19,506.21
10497,1,9.24,535.75
25746,4,15.37,211.4
13404,10,70.42,521.09
54249,31,53.61,1469.9
12767,0,0,68.39
15696,7,37.63,188.13
56741,11,17.27,314.07
11026,1,8.71,235.07
17655,4,21.49,96.73
36094,23,54.99,920.55
44922,11,21.51,791.96
73233,,,
11314,,,
11451,10,83.83,1064.63
33685,9,23.22,278.64
19278,,,
33233,0,0,67.2
12841,18,98.99,824.95
16761,4,22.2,155.37
24127,3,11.87,166.15
47025,9,18.22,125.54
77211,46,54.63,951.34
10026,14,120.54,1334.6
14312,0,0,48.01
27702,4,13.19,98.95
37049,12,31.89,441.08
18697,1,3.94,204.68
12179,0,0,56.51
29696,11,35.25,474.31
354202,216,55.6,1418.55
98962,28,24.34,953.67
14062,13,87.78,1215.48
114144,36,30.65,530.44
12101,10,77.86,537.26
22247,1,4.44,84.35
105090,42,39.81,681.43
18177,0,0,96.47
10830,0,0,85.9
16362,2,10.65,628.09
18059,5,28.19,84.57
29105,8,24.61,495.28
116646,174,150.95,2154.96
84236,53,63.42,1395.22
13864,3,20.41,292.52
14748,3,20.05,106.96
17894,9,43.58,266.29
36830,50,133.92,2581.96
29040,4,13.82,1088.12
47039,13,26.94,155.42
19564,7,32.73,149.6
18387,13,67.96,695.28
24800,11,43.04,297.37
14207,0,0,306.54
25276,15,57.27,832.32
37826,,,
15714,3,17.73,212.73
22141,0,0,78.94
18403,2,11.02,346.99
11865,1,8.4,84.02
11312,4,28.51,171.06
12863,5,38.6,108.07
141865,65,43.52,556.4
14475,11,66.56,1240.39
11530,3,23.65,212.83
14558,1,7.22,130.01
30981,13,39.3,447.45
17728,0,0,54.99
13176,10,77.42,487.73
49848,2,3.94,76.92
28658,13,46.39,1227.61
12060,11,82.43,771.88
11427,0,0,43.71
28132,4,13,454.84
51003,7,13.65,74.09
21822,0,0,163.75
14939,0,0,906.29
65410,,,
18871,13,69.03,1093.88
46325,25,52.56,832.58
15004,6,33.88,112.94
17350,15,81.46,657.11
10982,2,17.5,236.22
18893,3,14.49,270.39
24587,,,
269063,135,49.52,999.13
27557,3,10.57,144.44
12765,10,78.2,594.35
45549,48,107.7,2344.68
80414,35,45.43,1283.7
24410,0,0,121.07
64358,61,98.7,673.11
13496,6,45.26,165.96
53549,30,55.45,275.38
24638,1,3.56,259.69
15115,3,20.59,253.89
20079,1,4.72,33.01
12362,,,
13559,3,18.99,126.61
136611,109,74.67,1169.38
15989,0,0,43.13
10074,2,18.94,170.42
12291,3,22.85,358.01
23928,10,37.17,479.52
46079,16,30.62,673.62
19082,15,68.72,1392.77
24927,14,55.19,204.97
20608,2,9.69,67.86
35309,4,11.07,182.6
16376,2,11.49,155.08
24631,9,36.66,93.7
108056,22,20.52,500.94
11452,4,29.98,134.91
42155,32,65.45,380.43
12541,,,
11628,1,8.59,68.71
14396,6,42.31,366.66
78331,10,12.7,412.91
364040,449,124.81,1562.48
21249,1,4.43,159.32
24426,14,54.56,911.96
20976,,,
27256,25,92.24,1660.33
12358,0,0,137.42
258295,435,60.63,1014.86
10579,1,9.16,375.6
13364,4,28.86,764.68
12805,2,15.42,146.46
12996,0,0,141.03
106612,102,91.52,820.1
10428,0,0,55.83
28887,,,
22906,18,102.54,2193.23
14729,1,6.29,339.49
30085,19,54.43,1231.81
11668,2,14.95,44.86
44129,62,120.79,845.51
20820,19,89.15,243.98
16189,3,18.19,794.37
21923,10,44.65,415.27
19859,9,45.08,140.25
10970,2,14.64,541.85
10940,2,17.55,131.59
32383,1,2.98,369.33
55530,38,59.6,1202.99
186206,136,68.64,643.52
54780,46,83.7,902.54
92788,54,61.44,1315.31
76371,16,20.34,205.97
34012,10,28.85,513.6
47585,22,44.86,383.35
30250,10,32.17,74
164693,209,116.34,2304.49
53240,10,18.16,908.08
28808,0,0,32.29
12035,6,43.85,716.27
20393,3,14.32,124.14
13142,9,66.74,400.42
10573,0,0,18.87
39253,,,
65674,22,32,622.5
60838,,,
65566,40,62.35,1033.4
68586,,,
10602,0,0,137.47
41882,26,53.95,734.56
15467,3,18.88,44.06
372242,353,93.62,2601.6
30548,0,0,79.76
39162,7,17.57,401.67
33181,18,56.2,224.8
36175,,,
24250,0,0,386.92
15600,1,6.19,37.13
14167,1,6.94,69.41
48655,,,
61921,90,137.13,2082.86
16685,2,11.62,203.29
29941,9,24.32,178.31
12694,9,61.59,1266.08
68637,24,37.51,426.71
19976,4,15.77,106.42
40822,36,84.81,690.29
96086,33,31.79,639.59
50553,4,6.9,144.9
10807,,,
14731,1,6.55,13.1
61368,81,124.24,1432.56
10275,0,0,358
23221,10,42.5,395.27
10712,4,34.89,985.78
28040,8,26.75,598.56
45857,14,26.67,493.46
11066,17,146.88,1045.45
15614,16,91.56,412.04
10815,3,22.49,307.42
13650,0,0,96.85
27357,5,17.02,268.94
12304,0,0,147.83
21505,9,41.09,803.58
174820,39,20.31,974.37
10353,4,36.6,603.84
101082,59,56.39,1183.14
275221,257,98.76,3928.03
73552,88,120.18,2941.62
63909,42,60.61,577.28
38386,26,62.88,1332.66
63850,46,66.93,566.03
112669,64,53.23,390.93
160728,114,76.1,916.52
61741,71,112.73,1020.91
12804,0,0,183.56
11385,1,8.82,8.82
28835,10,34.72,395.81
42655,7,15,319.39
20935,5,22.91,132.89
19512,,,
38719,15,31.62,672.46
13817,4,27.99,538.88
11587,1,7.6,212.78
37960,28,67.39,536.69
18549,5,26.4,337.96
38372,11,28.65,885.56
36659,10,26.38,137.16
10104,,,
44630,3,6.48,188.02
55900,11,19.23,241.21
15157,0,0,51.57
49389,2,3.99,199.45
27652,0,0,207.47
75460,,,
15324,3,18.83,420.62
21853,,,
12003,3,23.67,55.23
20850,10,45.04,1531.26
13502,1,6.91,62.17
22817,7,30.23,1593.54
13604,,,
16327,1,5.9,601.38
34185,11,31.31,216.31
16032,1,6.17,61.69
40452,9,19.32,650.56
19661,8,40.01,525.08
10177,1,9.59,182.15
10422,0,0,84.96
31083,4,12.83,125.06
37840,,,
72884,,,
31306,1,2.57,25.7
16410,11,61.35,730.58
21082,5,22.9,114.49
11224,0,0,61.33
14936,0,0,33.38
18262,6,31.47,178.33
76210,10,14.43,249.58
35418,1,2.71,43.35
48414,9,17.9,294.3
179278,49,25.75,611.05
22408,,,
27591,10,30.86,438.23
48370,,,
50380,2,4.02,150.88
16825,1,6.31,669.02
15023,10,73.87,1987.15
16317,19,105.54,966.56
12286,0,0,134.26
42473,,,
76060,9,11.72,166.71
23682,18,75.75,938.43
40091,8,18.87,974.36
35445,12,30.94,618.78
29841,1,3.29,204.28
63535,90,106.61,643.24
25879,24,90.21,360.85
12054,6,42.76,669.95
85866,,,
52434,8,15.07,177.06
22814,8,27.64,190.01
37120,14,36.68,822.57
41958,11,27.15,589.98
43762,16,35.02,188.22
24854,,,
18859,1,5.05,151.58
12603,,,
16513,0,0,145.76
70311,73,97.8,833.29
261229,204,83.66,1135.5
265968,297,109.7,2466.68
11591,3,24.47,750.53
30923,22,52.11,184.77
141686,72,54.11,1908.96
11284,1,7.82,54.75
17313,,,
11365,,,
16848,5,23.05,364.21
12809,3,22.93,122.28
11340,1,7.93,15.86
30108,3,8.69,147.79
18310,,,
11139,,,
28564,11,34.36,1680.3
16425,1,5.99,83.81
33822,22,64.33,663.76
80352,53,61.77,536.08
16021,1,6.07,103.24
85571,44,51.13,779.72
29771,,,
53056,24,43.82,385.23
16812,8,47.01,82.26
25494,3,10.29,236.6
12322,6,50,716.61
44639,18,40.58,845.39
26989,2,6.01,204.32
11500,0,0,17.24
39103,5,12.6,297.32
35800,18,44.54,143.51
15850,0,0,50.49
54718,8,14.19,475.46
16786,1,5.6,39.21
25597,8,28.99,1138.05
42355,11,25.79,1313.17
30206,8,24.8,796.75
22353,2,8.71,95.76
11523,,,
12345,2,15.08,211.18
27291,4,14.02,234.84
53691,3,5.38,270.88
20098,13,50.55,497.69
14073,0,0,387.44
14716,13,85.4,1517.44
14507,3,21.7,130.17
14215,3,20.03,1108.14
31487,9,26.64,790.2
10405,3,27.7,840.18
42985,6,12.45,373.65
40283,,,
18400,11,44.71,325.15
31997,4,12.41,425.03
21130,,,
45895,28,49.54,265.42
20009,8,33.88,173.62
28716,4,13.67,1196.34
173072,130,70.28,555.18
11482,,,
32503,5,14.58,358.64
11706,1,8.84,106.04
31282,15,43.97,275.53
29101,17,56.75,824.52
33687,8,23.68,239.72
14658,8,48.24,319.6
58043,13,19.67,175.54
25198,,,
84161,82,96.97,1224
10332,6,53.82,125.57
10762,0,0,138.54
72033,42,57.26,1203.87
83312,20,22.79,208.56
13268,1,7.14,950.27
13347,0,0,66.3
16839,2,11.09,754.26
20123,6,27.98,1002.66
29060,11,35.12,268.19
31585,3,9.44,534.69
21603,7,25.39,304.71
26751,12,41.53,114.21
16603,3,18.04,120.26
31384,18,47.64,690.81
12392,2,15.7,125.63
180650,114,57.61,
52133,23,40.13,197.14
18082,1,5.44,212.07
61607,44,67.28,697.28
15799,5,29.86,513.59
17140,15,78.79,546.28
25380,3,9.47,123.07
37670,10,25.19,619.57
30938,,,
13700,11,79.31,216.29
13383,6,45.64,167.34
54844,61,113.04,563.33
34213,4,11.5,485.98
11414,9,69.03,1165.91
95706,79,85.7,2299.87
50008,22,40.7,199.81
22090,5,22.61,108.52
15550,1,5.97,286.67
11066,0,0,0
15757,0,0,238.59
31739,13,41.36,362.65
18734,7,37.68,602.9
20314,14,67.7,483.61
11880,3,22.13,177.04
368383,518,144.81,1811.81
32295,,,
14272,0,0,35.26
33830,14,38.73,370.67
16027,12,69.93,1730.67
28583,18,50.77,857.47
10426,5,44.74,1082.77
39127,26,66.83,179.92
37649,13,31.16,467.36
49847,12,22.33,2037.32
35303,3,7.48,79.79
54909,29,50.52,1956.24
21744,4,16.65,237.29
19381,34,167.69,1252.77
68842,49,47.14,1189.11
34365,6,16.73,867.12
18942,17,88.84,2241.85
10735,2,18.32,219.84
128398,66,44.91,1019.98
13364,11,81.43,1317.64
26017,16,57.04,438.5
33558,8,17.79,698.38
40087,16,38.9,636.96
12915,1,7.16,150.31
70207,33,52,2124.14
24160,17,68.68,484.83
38149,9,22.1,260.35
1110549,396,34.2,1162.84
12711,3,23.95,39.92
12381,3,23.83,150.9
24967,5,19.54,418.07
935933,553,55.31,672.57
2783726,,,
11951,,,
14363,1,6.88,117.03
113313,102,86.77,537.64
41259,4,9.26,333.19
35184,2,5.39,177.84
10448,,,
14120,7,46.48,338.62
33892,25,76.03,2572.91
31656,28,84.67,1448.4
68784,19,26.01,570.95
10164,,,
10747,1,8.14,415.11
10632,8,71.96,161.9
20651,1,3.94,712.74
203056,174,85.66,1617.17
50024,8,15.59,409.11
20075,,,
84724,,,
20084,6,27.52,210.97
12974,3,21.82,349.17
20971,,,
18261,2,10.77,113.07
20688,8,35.45,793.23
11365,2,16.7,66.79
10588,10,82.51,1889.44
26609,0,0,85.15
12169,0,0,56.56
13476,9,42.31,103.43
12567,0,0,298.25
163860,79,49.5,852.74
40263,6,13.98,349.61
42198,24,51.51,847.77
58041,17,30.18,1075.77
10227,0,0,79.71
111348,44,39.13,534.46
139739,99,79.71,2288.32
13142,0,0,316.14
12420,9,68.4,782.85
222103,166,67.31,1807.31
25684,1,3.85,30.76
19997,,,
12942,4,30.39,159.55
11343,1,8.96,268.82
58362,11,87.3,1007.94
19810,0,0,44.32
10420,2,19.28,578.26
26481,8,23.27,267.64
20051,,,
108961,39,37.67,566.06
10446,3,28.97,86.9
20999,1,4.39,48.33
20456,0,0,204.98
19872,9,36.01,504.2
11751,1,8.11,1581.25
20244,0,0,80.26
19033,7,26.57,170.78
29462,23,71.1,234.92
47358,6,11.93,79.56
25992,28,105.01,952.56
176664,191,102.65,1849.26
12926,0,0,59.7
46535,29,57.04,572.35
49708,32,60.59,1168.18
20384,1,4.82,173.64
34544,15,42.23,104.17
13553,3,21.49,1289.31
31702,5,13.36,147
11632,5,40.8,220.3
17531,,,
29387,18,53.67,787.17
88680,0,0,143.94
12482,7,55.98,463.85
25067,3,11.87,407.57
14358,0,0,248.57
37352,35,77.67,372.83
20906,0,0,28.45
10550,1,9.96,89.62
11732,,,
22686,15,54.55,385.5
32090,9,27.19,241.68
18419,6,31.57,352.5
56788,14,24.24,361.82
111498,53,45.62,1118.18
34298,9,26.42,129.17
20489,4,18.97,251.32
29911,,,
12267,0,0,149.98
16534,10,62.93,295.76
13692,3,21.54,272.83
27974,3,10.25,167.41
28844,11,37.43,1102.6
11683,5,39.53,1083.09
25062,10,38.73,863.57
41688,32,72.32,596.65
16857,4,23.29,139.76
14292,8,46.04,828.73
57878,10,18.15,455.62
38518,3,7.78,59.64
35761,17,43.64,939.47
24725,18,70.76,1419.14
34402,27,81.13,1577.48
114323,200,170.67,1250.99
11500,7,49.68,127.76
50452,12,23.76,384.07
10030,0,0,246.55
12361,4,30.04,232.79
11838,2,15.55,77.77
18042,15,80.45,1163.91
17655,4,19.77,682.12
10401,3,25.8,395.6
12324,8,60.41,1230.84
24288,,,
15718,4,23.65,76.88
628088,424,68.12,966.16
30050,18,48.7,1201.23
10747,0,0,134.43
10610,2,16.72,292.57
32063,5,14.95,340.76
44822,8,16.48,348.12
15302,,,
22156,1,4.47,22.33
14589,1,5.08,244.05
24461,8,31.89,171.38
70745,,,
24710,1,3.87,85.1
13874,,,
11843,6,48.53,121.32
173339,39,21.14,483.47
43858,2,3.23,161.68
23285,,,
10733,0,0,310.65
25792,2,7.44,141.42
88675,109,128.42,2065.29
40181,18,45.19,1265.25
33530,,,
40773,15,33.78,617.09
26840,1,3.49,90.66
10885,,,
10034,2,19.06,76.24
12200,11,88.1,1938.17
13852,3,20.55,219.16
28434,17,59.26,1307.21
13882,6,42.68,113.81
11992,7,56.18,698.18
11257,0,0,116.97
27537,14,49.5,597.51
606900,324,58.48,3048.38
62195,21,28.62,720.85
49256,7,13.25,83.27
11590,10,83.96,444.97
17834,6,32.97,186.81
12922,5,37.56,1502.52
42892,5,9.78,90.01
25325,1,3.86,390.07
10636,6,58.57,458.81
19952,3,14.52,96.77
85486,22,24.92,440.66
23748,,,
26623,36,131.27,3540.57
38145,13,33.81,408.34
15195,6,30.46,568.5
10883,0,0,78.88
33284,2,6.33,740.32
10742,12,102.94,669.13
46209,14,28.86,138.1
18196,1,5.41,27.07
13983,7,48.02,1029.02
61945,33,50.66,2956.98
102724,35,34.88,1625.6
11514,6,51.04,1514.12
394017,492,121.68,4026.59
38975,,,
29188,5,9.46,242.12
12454,3,23.53,439.32
99922,59,62.01,1432.64
10793,1,9.02,243.53
133179,66,48.71,1160.86
90533,27,21.88,223.64
26727,2,7.52,285.93
19959,31,155.61,476.86
53884,12,23.04,887.01
98784,70,69.06,1155.27
16029,9,51.44,800.14
34256,13,38.41,499.32
24137,0,0,383.23
35976,5,13.5,89.07
10923,1,8.31,83.09
117810,,,
31092,,,
15568,0,0,107.37
107786,67,57.04,332.86
24730,5,20.24,113.34
223019,204,91.54,
61444,6,9.59,487.27
81245,19,24.08,1764.17
17076,0,0,39.54
93086,15,15.47,408.3
61815,28,41.79,1707.41
14629,1,6.66,106.6
21877,2,7.79,487.18
30987,,,
30462,,,
17038,15,84.15,297.32
11492,3,24.59,131.14
12520,4,28.68,759.91
28974,0,0,13.32
32315,23,63.31,231.23
44685,12,22.52,540.49
59177,18,28.63,1348.6
17392,2,11.49,86.15
19631,3,15.02,70.12
19279,5,23,280.63
23799,15,55.29,449.67
15472,9,53.53,386.63
64989,29,43.04,978.02
12481,2,15.86,63.43
15223,7,44.69,434.14
30872,13,40.18,689.27
66270,41,58.15,694.91
13280,5,31.92,210.67
89699,39,40.39,798.57
11472,5,40.49,736.96
110658,30,25.56,473.71
22676,30,124.94,662.2
14698,3,18.31,463.84
10704,2,17.5,507.39
36048,17,45.33,391.99
19800,8,39.16,582.45
10069,8,77.15,298.97
10904,2,18.82,517.6
31954,12,40.05,874.44
13739,7,50.74,1790.5
13243,5,37.02,651.61
99581,,,
23674,16,71.19,489.45
57407,8,14.29,778.93
13088,1,7.44,282.67
29281,23,67.88,1230.71
18046,,,
14265,0,0,186.22
28335,,,
12518,3,23.75,110.86
101409,31,26.87,340.63
19033,,,
21385,13,58.13,384.56
22097,,,
89286,,,
11949,5,42.27,109.9
13899,,,
14870,4,26,208.02
10019,11,105.34,1522.7
672971,699,102.92,1681.08
18899,5,26.01,62.43
11657,0,0,30.44
13683,7,36.51,323.35
20337,24,101.66,881.06
92311,14,14.81,579.84
41194,38,102.91,1700.7
14757,4,24.24,1339.48
22792,7,29,165.71
15280,3,19.29,527.37
30897,2,6.01,261.47
30685,6,18,300
10428,6,56.32,234.68
19025,14,72.81,462.84
10809,2,18.58,706.19
21283,25,92.51,1202.68
10701,8,69.24,519.3
17215,5,16.06,253.7
35406,2,5.55,41.65
12818,,,
13220,6,43.37,686.71
33694,,,
63126,22,33.44,541.12
61842,20,31.37,611.64
21761,10,43.78,595.42
35573,11,29.78,343.81
25968,17,61.94,648.57
37391,37,104.21,543.6
53672,5,8.46,470.21
10903,6,49.62,272.91
228537,100,44.02,2017.65
25178,0,0,399.17
19208,19,83.26,604.73
22242,10,42.04,870.26
27610,30,95.33,1404.47
49676,11,21.66,145.74
84298,18,20.76,811.92
156983,120,80.01,
66462,62,84.62,631.89
46109,73,137.56,1164.57
12197,1,8.06,56.43
15571,8,51.82,129.56
14510,2,13.55,291.41
14637,4,26.53,199
20121,,,
53223,,,
13603,3,19.94,471.89
149377,76,45.97,1421.42
10283,6,54.18,460.5
11818,1,7.94,39.71
19536,5,24.57,761.6
19772,16,79.8,369.08
12635,2,15.41,208.06
10555,2,15.47,278.38
27195,11,39.04,330.1
28695,15,48.29,367.02
21564,1,4.44,248.69
128713,32,19.96,303.7
40052,13,30.27,221.18
37684,,,
10404,3,27.2,1759
26478,40,134.82,903.3
53170,,,
17406,19,98.34,2008.28
36365,5,12.79,570.65
27817,2,7.18,82.59
21531,1,4.37,179.06
32387,16,45.73,1440.54
20183,6,27.36,1199.22
52303,13,22.8,270.09
40079,33,75.24,449.15
21211,1,4.61,115.14
48997,25,47.3,1275.11
11305,4,33.47,1204.92
29764,29,95.7,290.39
53008,18,35.26,284.04
23622,7,28.59,514.54
21976,0,0,69.59
52267,36,66.91,513
25312,29,99.5,816.58
23644,2,8.54,469.8
28134,19,69.44,694.37
14256,5,34.65,277.22
17710,14,72.84,239.32
164730,80,45.14,813.57
15535,11,70.29,632.63
10988,2,17.9,178.97
59070,56,92.81,1756.74
34081,,,
28061,4,13.33,173.3
16960,,,
11005,0,0,313.48
71479,20,23.97,433.92
47198,16,34.21,91.93
10129,7,61.15,602.73
19848,1,4.98,44.79
25549,2,7.39,491.54
111183,33,28.94,659.56
11163,7,66.54,1292.78
16202,8,40.05,150.18
23260,8,25.22,349.87
27099,3,10.89,279.55
11820,30,241.06,739.25
12652,7,47.46,284.75
121697,42,33.1,822.7
369879,226,63.7,1262.47
25651,3,11.68,210.28
18624,5,22.75,464.08
14451,3,21.27,42.54
71742,8,10.75,205.68
45608,14,28.86,896.83
87758,68,67.05,383.57
18045,8,42.98,75.22
51638,10,19.13,1262.31
16234,5,28.98,144.9
10084,2,18.16,1425.33
26326,27,91.2,1607.89
17753,6,31.78,121.81
21700,4,17.59,567.16
15743,62,401.35,627.91
22095,2,7.7,69.34
21080,19,93.42,2586.29
12069,1,8.41,235.59
53540,,,
21435,5,20.95,180.13
72411,54,70.24,2682.28
11622,0,0,16.92
16392,1,5.88,94.15
15745,9,56.93,929.91
19220,5,22.79,350.93
69961,116,151.12,530.22
53310,17,28.13,316.1
11199,9,77.47,421.76
14732,3,17.24,137.94
11677,1,8.03,216.87
10539,0,0,54.25
157615,89,52.93,671.46
18867,18,24.68,309.84
40213,15,36.19,1095.4
43063,5,11.07,106.23
11290,0,0,123.33
25905,,,
25083,0,0,23.52
143050,33,22.19,616.67
32509,0,0,88.7
22580,7,30.29,1129.23
28703,2,6.85,58.23
25945,20,74.91,1292.18
23304,25,105.16,1013.71
29151,9,29.15,103.65
210943,157,70.17,1564.23
13020,2,15.23,91.37
25084,,,
12133,3,23.56,125.67
10066,,,
17779,6,33.46,786.35
26455,14,44.51,438.76
22762,14,50.32,747.58
16901,2,10.61,556.88
19513,6,30.84,128.51
21101,3,14.23,284.54
100850,,,
27025,25,91.39,1089.42
108635,26,22.23,624.28
12123,2,16.32,620.31
14378,5,32.85,696.31
14116,1,7.34,161.4
12778,7,46.03,618.06
25098,3,11.97,243.44
44350,9,20.38,140.42
18296,13,70.22,1199.16
266406,70,24.69,
83816,2,4.87,233.77
22776,4,15.65,66.52
47669,20,38.12,1964.89
20210,1,4.83,521.89
14745,2,13.22,455.99
46070,,,
19380,2,9.84,142.71
20125,15,73.38,816.99
19926,1,4.05,24.29
14979,2,11.69,105.23
20612,26,124.57,210.81
22477,,,
10063,0,0,87.96
41100,10,22.04,315.14
38091,14,37.13,230.76
126481,31,24,493.93
358548,204,53.87,3829.21
26716,2,7.16,89.44
14985,4,26.79,428.64
16127,12,60.69,900.31
18170,5,25.98,592.36
16192,11,63.79,133.38
11038,6,50.6,1054.23
15648,1,5.82,232.83
11997,4,32.78,450.75
384736,259,61.71,1595.37
22965,1,3.51,343.74
25355,2,7.57,15.14
15197,8,51.52,399.28
53762,21,37.73,551.55
22122,17,70.81,2728.14
42762,5,11.73,220.58
16366,2,9.15,64.07
48478,11,22.09,148.57
41659,4,9.08,324.61
11727,2,16.96,1305.64
13902,27,198.34,286.49
46380,43,81.59,865.28
46567,28,62.19,1576.9
15337,12,65.41,981.19
15489,2,12.18,541.89
28540,11,48.26,710.78
31100,7,20.65,542.71
11077,1,7.66,214.53
18372,,,
10888,2,17.09,76.9
11818,9,75.37,108.87
13367,3,21.85,276.81
13055,0,0,141.44
10823,1,9.48,237.1
36176,10,21.66,223.06
37861,12,30.18,809.72
13645,2,14.87,208.13
117229,21,17.47,249.62
42045,53,98.08,1622.96
17905,1,5.35,80.24
130069,29,18.38,251.6
12844,0,0,112.75
89443,83,84.72,457.27
24559,6,23.44,269.6
12084,4,27.11,81.34
30705,0,0,302.47
12105,3,22.62,173.4
13443,5,31.05,93.16
21325,12,60.65,161.73
16117,3,18.07,554.08
28743,19,60.12,461.98
15607,2,10.23,659.78
20779,0,0,28.45
18168,5,25.04,661.06
13899,9,62.91,692.02
36326,12,30.97,957.64
19373,,,
33102,24,64.72,447.63
46521,32,61.41,293.63
44683,20,41.11,515.95
14842,4,22.31,278.88
31846,,,
17541,0,0,95.47
48761,27,51.05,521.87
17363,16,86.91,2210.88
159789,82,50.74,1343.3
66467,50,74.8,661.25
14439,6,41.65,333.19
59646,28,40.54,1461.01
15561,0,0,339.84
31099,12,37.21,1513.08
37757,10,25.22,398.42
54516,,,
13326,0,0,44.92
19483,4,20.51,446.04
14280,13,86.62,1059.43
10023,2,17.92,259.79
286215,265,87.05,510.78
11069,1,8.47,635.43
52456,19,32.56,219.36
12557,2,15.46,69.58
23648,,,
20268,1,4.65,255.89
15675,3,19.74,243.47
11339,,,
15403,4,26.91,148.02
12180,,,
57546,43,72.45,303.26
35943,6,16.41,246.09
26314,9,29.92,611.64
257453,194,69.14,792.93
12174,,,
17930,4,22.41,336.13
43184,28,60.62,517.46
21605,0,0,65.03
15512,4,26.49,291.41
11157,3,24.66,139.73
17192,,,
84770,83,93.11,1573.82
66692,12,15.81,502.05
69330,14,19.14,604.42
43627,58,128.21,499.59
226505,131,53.94,1636.75
30625,6,19.37,80.73
31342,22,68.57,377.16
11294,2,16.86,320.4
17085,,,
71245,51,71.6,306.05
50627,50,93.59,2493.17
10447,,,
38125,3,8.16,568.75
75695,92,107.62,2089.28
17623,2,11.17,122.88
10600,2,18.55,194.82
10968,3,22.99,30.66
17647,15,71.36,214.08
99405,103,93.31,430.31
13532,6,42.02,413.19
151976,61,33.44,430.93
69496,39,53.07,1271.02
27596,7,23.19,483.72
16554,1,6.03,96.55
17866,6,34.59,570.7
15181,2,12.99,64.94
12339,1,8.27,57.88
57287,51,90.74,1368.23
10200,1,9.46,122.95
12828,,,
20030,24,109.32,264.2
13325,6,43.73,233.22
15979,4,25.15,591.05
19460,15,76.99,549.22
12002,0,0,64.3
78118,11,13.72,496.56
12001,17,142.21,2451.06
30744,6,19.46,194.55
22125,6,27.24,1911.64
29813,20,61.6,1678.68
59682,18,27.65,950.76
13521,0,0,7.6
103907,56,53.59,1308.07
18820,4,20.69,331.11
30996,14,46,1938.43
11219,0,0,627.84
187106,87,44.15,860.21
19974,0,0,43.5
52931,10,18.32,487.28
59564,30,48.52,1285.83
33592,2,5.52,113.19
10014,0,0,47.11
24146,2,7.95,421.34
27244,1,3.49,296.26
17864,2,11.03,49.63
15644,6,35.31,94.16
30354,12,35.04,878.96
13747,4,29.14,480.87
108777,50,41.52,1219.94
11114,4,28.54,827.68
14536,0,0,111.83
14213,2,13.51,162.1
69512,,,
109199,65,58.01,1448.54
10511,3,28.29,622.29
97291,60,50.09,1218.85
16466,9,49.58,1509.31
17488,6,30.5,213.5
20125,12,50.51,534.6
18530,0,0,133.14
13993,1,8.85,8.85
126272,43,32.92,591.12
75450,100,122.39,1141.93
93643,16,15.97,491.18
44389,29,64.07,1082.63
17208,9,51.49,1590.48
92639,64,69.92,1981.89
63374,26,41.84,996.19
11304,1,8.69,60.84
198525,100,50.25,1291.41
18811,,,
14090,,,
12385,1,7.77,583.07
79662,26,32.32,84.54
183521,105,52.6,861.57
10733,6,49.25,566.36
10725,6,53.65,89.41
34590,13,36.53,112.41
741952,517,138.25,1682.47
10976,1,9.22,82.95
19386,,,
135163,37,24.67,721.98
17916,0,0,416.93
14113,0,0,55.84
40674,24,47.64,867.49
24414,3,11.46,366.83
16799,19,121.13,2052.79
16064,6,35.23,399.23
13937,1,7.17,43.01
17837,19,104.61,765.29
30510,5,15.81,186.52
13986,4,27.05,243.47
21260,8,33.99,229.44
505616,834,168.46,1678.54
98640,87,84.49,1684.94
18374,,,
93613,28,29.46,482.97
55180,0,0,144.2
293742,77,26.34,1091.39
24363,4,12.12,196.89
16569,6,31.53,157.66
15517,0,0,112.63
27099,9,22.59,542.11
18074,3,16.13,279.58
63221,8,12.95,236.43
18911,12,57.53,575.26
18177,12,54.13,460.14
64407,11,14.44,517.18
148134,79,45.31,817.33
28301,25,83.06,1122.96
25899,27,92,1090.36
21472,22,110.26,1047.46
38686,22,53.85,176.25
82169,20,20.83,214.51
33249,16,41.28,864.36
393069,181,41.52,286.27
43726,3,6.16,260.89
13316,0,0,480.89
983403,444,40.9,1097.07
15915,4,22.24,861.93
11822,5,41.25,90.74
13400,0,0,51.04
12131,5,42.09,336.7
10667,0,0,62.03
56065,14,25,1496.64
18794,18,84.57,930.28
15990,2,12.41,155.14
11151,1,8.39,478.35
36006,20,55.63,136.28
15124,8,49.48,408.19
54827,65,103.18,1219.13
45991,23,47.19,369.3
13420,2,14.65,109.84
43764,18,38.89,200.94
69348,4,5.53,208.93
49832,14,26.97,674.31
67561,11,14.46,76.24
22259,1,4.38,135.76
12340,4,32.51,463.3
18910,4,21.8,479.67
11215,3,17.31,756.05
20212,17,81.66,302.61
10971,,,
17336,4,21.72,1026.28
11041,4,35.18,219.86
30843,25,73.08,742.54
11824,5,43,137.59
51618,39,76.08,462.3
45206,39,76.08,2678.55
22779,2,8.63,189.92
19971,1,4.73,127.67
45309,31,67.2,901.76
110642,22,17.7,624.31
80561,62,71.59,952.59
13324,1,7.38,81.17
11795,7,58.74,243.35
25042,10,39.91,99.77
19195,0,0,5.35
13882,,,
19231,5,20.35,73.27
33467,0,0,38.38
23500,0,0,17.62
28148,7,23.77,648.56
49381,13,24.82,234.82
21010,,,
13229,0,0,156.08
16946,2,11.76,488.03
74840,22,27.34,272.13
14599,11,75.17,444.17
30831,7,22.81,404.15
51412,,,
21910,0,0,307.5
19489,4,19.01,822.2
23782,2,8.16,277.57
516259,356,67.01,1399.84
60640,5,8.24,
26690,,,
80505,61,73.39,1538.83
11104,1,8.47,321.82
19781,1,5,40.02
119363,106,80.47,1248.05
50677,,,
15586,4,24.8,130.22
10862,0,0,27.11
15527,3,10.55,432.61
12199,2,16.59,190.79
26243,9,32.24,275.83
10683,7,59.71,597.12
17987,4,21.65,422.22
23501,1,4.15,82.93
20908,21,73.9,700.29
18458,3,15.2,709.29
24512,,,
17651,8,43.72,426.25
26265,2,6.54,13.07
32397,7,19.54,605.74
10663,1,9.43,113.2
27617,,,
15854,4,21.43,353.53
10864,15,129.65,2333.62
51555,30,52.03,180.36
19572,2,9.86,172.63
10941,18,158.69,1313.59
48949,33,60.08,1691.21
23252,4,14.99,741.91
15066,3,19.13,216.85
13198,1,7.37,73.73
16829,1,5.07,324.66
15372,1,6.28,43.98
13333,4,29.14,254.93
37825,7,17.72,255.74
29885,7,18.83,492.4
37520,3,7.14,228.53
20319,3,13,485.18
77759,56,69.62,1246.89
14904,2,9.8,205.84
12208,1,8.08,234.34
25430,4,14.98,86.12
92703,9,10.01,640.62
24544,15,59.71,409.98
14203,4,24.37,255.86
27331,8,27.53,1996.15
23875,6,21.95,288.98
14804,6,32.87,372.56
21732,6,26.9,228.66
54021,5,9.46,285.73
13131,1,7.81,46.85
10567,0,0,132.87
56216,30,49.46,545.75
12251,4,33.09,124.1
32824,5,13.61,353.83
13547,2,15.71,691.17
28898,19,62.8,918.89
